"trees","date"
6166756,2019-10-29 12:28:34
6302434,2019-10-29 18:48:51
7934262,2019-10-30 10:58:48
8281387,2019-10-30 18:55:30
10596296,2019-10-31 14:17:59
11142556,2019-11-01 00:18:55
11348587,2019-11-01 15:08:51
11774621,2019-11-01 22:58:20
12031636,2019-11-02 15:55:15
12175111,2019-11-02 23:03:33
12277763,2019-11-03 12:40:14
12495752,2019-11-04 00:39:31
12613209,2019-11-04 10:47:34
12753753,2019-11-04 23:37:51
12910030,2019-11-05 16:52:17
13044986,2019-11-06 09:11:12
13074028,2019-11-06 15:32:06
13202892,2019-11-06 22:33:36
14212932,2019-11-07 11:03:29
14273676,2019-11-08 00:15:52
14307805,2019-11-08 09:44:15
14444220,2019-11-08 23:27:02
14482835,2019-11-09 15:30:46
14534370,2019-11-09 22:37:15
14575757,2019-11-10 14:11:25
14647376,2019-11-10 23:25:50
14709194,2019-11-11 09:12:11
14884804,2019-11-12 08:17:51
14974792,2019-11-12 17:29:36
15070009,2019-11-12 23:35:21
